order_item_id,order_id,product_id,quantity,price
1,522,30,1,4547.91
2,660,11,5,3576.81
3,144,14,5,724.91
4,453,22,4,4558.2
5,985,47,2,2957.84
6,259,11,2,2481.4
7,542,17,5,237.07
8,282,45,3,2879.26
9,928,50,1,2700.76
10,778,4,3,1651.44
11,298,33,5,4040.56
12,876,38,2,1221.97
13,221,29,2,424.53
14,140,33,2,2249.87
15,562,30,4,2638.51
16,879,33,2,4322.68
17,663,46,2,243.55
18,532,22,5,1217.65
19,126,33,4,3216.88
20,781,39,2,4466.57
21,659,29,5,3778.05
22,608,42,2,3379.15
23,58,46,5,2217.25
24,430,12,5,4730.14
25,156,21,4,2468.95
26,142,21,2,2076.89
27,128,10,5,4095.6
28,463,4,3,1434.56
29,744,42,3,3266.43
30,647,41,3,3696.82
31,631,47,4,1532.77
32,888,31,3,2445.58
33,193,43,3,865.14
34,905,39,5,2069.9
35,570,25,1,1943.82
36,178,46,4,1983.7
37,109,21,1,551.3
38,710,2,1,3517.14
39,580,49,2,3588.66
40,645,39,3,4486.4
41,991,8,2,2277.06
42,842,15,2,717.05
43,509,19,3,4630.25
44,875,40,4,3603.61
45,377,18,2,3671.67
46,433,10,3,1679.03
47,531,34,2,1082.25
48,643,47,2,818.39
49,244,27,1,2025.05
50,287,12,5,1721.23
51,717,29,2,4091.44
52,794,40,3,1948.01
53,500,3,3,3450.06
54,172,24,5,834.0
55,541,4,2,181.87
56,65,44,5,128.36
57,439,15,2,2372.42
58,263,12,3,865.7
59,521,36,4,4245.24
60,783,6,5,660.06
61,384,5,3,1214.7
62,660,1,1,1257.36
63,691,1,4,4354.07
64,775,47,2,2911.76
65,395,38,2,3003.48
66,57,39,3,1939.93
67,73,3,5,4039.53
68,799,4,2,4225.77
69,268,15,1,2291.61
70,570,39,4,1074.38
71,549,8,2,833.32
72,645,30,5,3237.77
73,107,35,5,218.43
74,521,15,3,2485.96
75,344,47,3,2260.49
76,39,16,2,3664.58
77,940,5,1,4489.44
78,15,2,4,4319.51
79,593,1,1,1061.31
80,360,7,4,4197.91
81,268,13,4,4491.26
82,82,44,1,1834.54
83,588,25,2,3919.52
84,1000,37,5,4146.41
85,18,16,1,2635.13
86,918,36,1,1356.36
87,867,46,4,1041.71
88,258,15,4,1443.94
89,127,14,1,1822.22
90,478,33,2,4076.87
91,812,2,3,2007.98
92,855,27,1,4584.51
93,823,41,4,2989.16
94,964,1,1,2809.02
95,695,10,3,820.81
96,701,34,4,4730.39
97,293,27,5,1946.23
98,693,9,5,2497.02
99,26,45,1,2811.73
100,165,21,3,296.88
101,170,25,3,2272.87
102,463,42,3,589.34
103,419,11,4,1624.95
104,720,6,5,4877.27
105,850,7,5,3258.19
106,230,43,1,3304.98
107,905,17,2,2887.6
108,371,26,2,4401.41
109,253,22,1,1823.29
110,870,36,1,1285.46
111,922,24,5,4295.58
112,679,7,1,3630.04
113,806,42,2,3437.62
114,156,33,1,4024.64
115,84,34,3,319.0
116,52,12,4,1053.62
117,429,35,4,1360.08
118,809,6,5,2693.41
119,108,38,4,2767.64
120,890,28,1,176.78
121,9,38,4,4720.95
122,129,41,4,3016.88
123,519,25,1,3995.93
124,857,39,1,4292.86
125,414,46,3,1006.5
126,352,44,4,1114.09
127,330,39,3,1833.98
128,360,31,2,2503.72
129,397,44,2,3226.0
130,245,17,3,517.6
131,331,9,5,822.11
132,7,6,4,161.15
133,944,25,3,1244.61
134,448,38,4,4540.23
135,71,6,2,4679.08
136,151,7,4,3450.27
137,531,26,2,1420.59
138,476,24,3,3018.49
139,260,47,2,4010.96
140,436,42,4,2062.85
141,74,30,4,2828.71
142,225,22,3,1832.16
143,506,9,5,1808.08
144,397,37,4,3862.93
145,406,50,4,3912.16
146,204,16,1,2901.65
147,766,47,1,303.19
148,935,10,3,3784.26
149,747,38,1,3896.16
150,172,6,1,1904.56
151,549,2,3,4628.39
152,675,16,5,3980.46
153,594,49,4,3446.72
154,343,46,1,3268.03
155,375,47,1,3893.66
156,934,37,1,4319.67
157,413,45,1,1632.45
158,598,27,5,1210.27
159,951,49,4,660.04
160,394,11,1,3671.66
161,513,29,2,4750.28
162,499,20,5,3237.87
163,998,33,4,2621.97
164,130,50,4,3677.41
165,634,29,5,1281.22
166,404,44,5,3940.9
167,699,23,4,4877.19
168,327,15,2,3056.49
169,392,36,5,3294.99
170,206,28,3,4094.22
171,892,8,4,4166.16
172,219,32,4,2618.27
173,76,49,3,3534.85
174,266,1,3,653.53
175,748,26,4,4848.21
176,19,18,3,2091.88
177,789,47,1,192.14
178,74,33,1,4998.76
179,71,43,4,1546.95
180,830,21,2,4333.44
181,686,38,4,2666.99
182,214,35,4,1306.84
183,767,36,4,2613.67
184,680,34,3,388.58
185,234,24,4,240.19
186,28,34,5,448.63
187,91,47,5,1495.01
188,20,39,4,366.48
189,576,46,4,489.74
190,864,8,3,477.19
191,919,29,2,3774.46
192,811,29,2,4613.66
193,35,48,2,1423.17
194,338,39,4,3975.79
195,795,49,3,2093.09
196,648,22,3,4076.59
197,207,49,2,3543.39
198,630,16,1,3135.51
199,332,49,3,534.22
200,352,39,2,3483.42
201,626,46,4,1763.64
202,165,14,5,1659.13
203,31,6,5,2921.56
204,482,9,3,2123.7
205,125,32,1,712.8
206,130,11,3,2153.78
207,224,49,4,304.68
208,123,32,5,3697.08
209,420,42,4,4590.14
210,62,17,4,874.43
211,420,6,1,824.05
212,251,25,4,4401.71
213,260,33,4,4663.8
214,241,37,3,2120.93
215,636,18,3,3027.43
216,425,13,5,580.25
217,437,4,2,104.48
218,824,9,4,4856.78
219,910,17,3,4759.5
220,409,6,2,2546.24
221,450,28,4,4597.58
222,514,26,4,3532.27
223,623,16,4,4567.83
224,497,22,5,1467.44
225,485,43,2,2138.62
226,389,8,5,374.17
227,442,6,1,2284.98
228,517,45,5,4059.02
229,3,13,1,1985.29
230,863,9,5,1571.05
231,602,33,3,1029.74
232,897,24,1,1446.54
233,268,32,1,1927.55
234,201,41,3,3878.87
235,447,35,2,2037.08
236,936,24,3,2849.56
237,872,11,3,2143.69
238,531,23,5,2186.99
239,369,8,1,1117.54
240,306,46,4,2203.68
241,457,43,2,4301.09
242,493,21,3,2650.11
243,373,41,5,686.18
244,40,27,5,2748.15
245,505,48,4,2559.29
246,609,45,2,4312.71
247,893,12,2,974.86
248,701,40,4,1312.51
249,388,34,1,4439.95
250,826,39,1,1778.0
251,621,47,4,2430.28
252,794,30,3,3113.5
253,884,34,4,501.32
254,2,36,1,939.47
255,22,18,3,1233.43
256,142,31,4,3891.96
257,872,40,4,694.85
258,940,35,3,2869.07
259,107,23,2,1853.82
260,574,12,2,4786.16
261,274,44,5,1154.62
262,685,46,1,650.52
263,99,2,5,3365.62
264,516,13,5,790.86
265,319,41,3,3196.13
266,665,49,3,2656.05
267,752,46,2,2642.51
268,794,47,3,2997.26
269,891,47,4,791.77
270,238,10,5,530.12
271,770,16,5,2513.41
272,848,16,1,2464.8
273,446,21,3,518.22
274,147,40,4,2114.75
275,128,26,5,4670.88
276,452,48,1,1712.67
277,432,47,4,1709.27
278,879,34,5,3811.15
279,97,38,5,3799.08
280,439,11,3,1410.69
281,444,34,5,2472.74
282,788,37,5,2798.53
283,274,4,2,3213.19
284,251,16,3,4764.42
285,166,22,1,1609.7
286,367,29,5,3019.63
287,448,38,3,3782.92
288,589,33,1,4707.04
289,965,15,5,2668.89
290,641,2,2,3578.86
291,258,10,5,2932.66
292,714,36,2,2927.96
293,286,17,4,3104.72
294,752,16,3,4114.09
295,173,26,3,957.27
296,985,33,1,1296.74
297,914,26,2,3979.61
298,108,17,3,4333.49
299,875,30,4,1573.79
300,730,36,1,4231.51
301,886,27,4,3202.49
302,154,23,5,424.85
303,944,34,2,4566.04
304,432,18,3,287.65
305,841,28,4,3236.62
306,509,14,5,1400.69
307,350,12,4,2419.72
308,332,19,1,3213.01
309,240,22,1,3413.16
310,165,18,3,2078.01
311,18,20,1,3888.31
312,730,33,1,4880.77
313,516,7,4,4910.56
314,801,7,3,2244.86
315,562,4,2,3409.26
316,903,8,4,3615.66
317,429,41,5,3489.73
318,373,9,4,949.63
319,819,31,1,1896.78
320,761,39,1,3149.76
321,222,25,2,2976.8
322,611,11,3,1622.14
323,774,12,2,731.44
324,289,50,1,2711.07
325,769,16,1,2562.89
326,368,2,4,4659.59
327,756,13,1,309.44
328,509,26,1,1723.87
329,464,48,2,3979.31
330,266,10,4,363.36
331,708,9,5,3181.66
332,734,41,5,266.71
333,908,5,3,2053.17
334,657,15,1,1388.04
335,247,16,5,1826.6
336,104,30,4,383.18
337,465,9,2,567.95
338,809,37,5,459.33
339,988,29,1,3043.7
340,137,42,5,300.59
341,844,30,3,426.44
342,978,45,2,1557.4
343,317,48,1,4572.35
344,160,16,3,2697.07
345,176,47,5,3387.77
346,934,3,1,3236.32
347,374,18,3,1735.26
348,8,29,1,4430.03
349,869,11,3,2654.01
350,701,27,3,2713.49
351,677,13,3,1315.41
352,766,21,2,3833.12
353,958,29,2,3210.83
354,47,15,5,4946.09
355,272,18,2,561.32
356,518,40,5,3932.64
357,275,26,1,1518.25
358,771,44,5,3868.2
359,305,6,3,3397.82
360,551,12,1,1038.7
361,571,22,3,4707.58
362,168,47,4,1600.09
363,486,33,4,953.59
364,157,10,4,4171.07
365,136,41,4,1016.62
366,75,23,1,2153.28
367,21,37,2,4141.24
368,203,19,4,2130.02
369,956,38,4,880.53
370,552,16,1,1935.42
371,179,22,3,4671.84
372,987,25,2,818.34
373,283,13,4,3132.01
374,872,9,3,4200.23
375,294,23,5,1248.39
376,91,5,4,580.66
377,745,35,4,3980.47
378,52,16,1,3975.84
379,700,7,4,1847.72
380,402,44,3,1158.56
381,279,28,3,1659.62
382,981,16,1,159.07
383,518,19,5,2586.59
384,461,50,3,1434.84
385,293,32,4,2901.35
386,732,5,3,2976.53
387,441,26,4,317.08
388,323,48,3,438.95
389,187,31,4,730.25
390,524,1,1,752.99
391,121,30,4,1116.86
392,304,23,3,1683.3
393,58,26,4,2641.79
394,344,37,5,3508.51
395,146,11,3,938.88
396,809,26,3,4074.53
397,935,4,2,2047.45
398,267,21,4,544.74
399,597,12,4,3435.02
400,259,41,2,1528.02
401,326,21,1,2319.77
402,743,38,2,3670.45
403,70,27,2,4537.44
404,856,11,2,3448.21
405,385,28,1,578.57
406,216,5,1,4836.86
407,544,24,1,4710.9
408,328,30,4,3966.5
409,358,36,2,4274.73
410,96,10,4,2646.63
411,580,17,5,948.73
412,411,7,4,1807.65
413,379,22,1,3143.34
414,505,17,5,4178.54
415,748,2,1,1221.92
416,982,48,1,3624.28
417,354,16,1,109.06
418,21,39,3,1357.08
419,14,21,4,281.67
420,147,13,2,4499.47
421,546,43,5,3756.54
422,474,41,1,2711.91
423,279,46,3,815.22
424,799,44,3,1295.71
425,541,20,5,1163.1
426,967,42,3,1558.09
427,811,3,4,2441.78
428,457,30,5,3228.37
429,632,26,1,3331.65
430,893,48,2,2312.54
431,806,50,3,1623.15
432,420,39,1,3922.76
433,457,20,2,2313.82
434,119,37,3,4402.9
435,102,2,3,1270.44
436,287,44,1,3879.65
437,262,22,5,759.09
438,33,49,4,1682.2
439,861,42,1,3797.87
440,422,12,1,2807.13
441,873,50,3,3141.35
442,111,41,1,3848.45
443,345,42,2,4362.75
444,392,33,4,3157.37
445,218,37,4,778.93
446,55,25,3,2954.07
447,175,12,3,663.07
448,23,45,4,4475.04
449,395,20,5,4645.85
450,358,35,2,2103.23
451,496,38,5,3516.34
452,297,34,1,3717.71
453,512,32,5,716.65
454,235,33,3,4928.08
455,91,1,3,1190.48
456,116,15,2,3352.2
457,712,16,2,1095.33
458,18,19,2,4287.1
459,652,10,1,518.5
460,553,31,3,2551.46
461,961,2,4,724.53
462,556,46,3,1696.59
463,184,35,2,2737.41
464,945,16,1,2198.71
465,682,2,2,3681.36
466,216,1,5,2861.9
467,998,18,2,779.14
468,555,11,4,3829.87
469,191,28,5,3595.33
470,758,5,5,3015.49
471,706,11,5,2572.14
472,692,33,1,4602.91
473,430,6,5,543.62
474,898,32,4,949.71
475,222,2,3,3688.92
476,600,8,4,856.41
477,732,29,5,354.93
478,505,10,4,1784.16
479,726,25,1,183.33
480,417,38,2,1009.05
481,894,49,3,3233.52
482,125,8,2,469.73
483,615,21,4,574.42
484,283,16,3,2579.24
485,533,15,3,2254.76
486,390,4,4,2195.96
487,192,31,4,2015.85
488,324,34,5,3354.11
489,609,35,2,1595.14
490,952,12,1,1935.98
491,842,3,5,463.18
492,263,42,1,4443.42
493,103,1,4,1353.19
494,935,46,4,3640.55
495,791,29,1,289.3
496,768,9,4,1271.9
497,890,33,4,3016.97
498,861,22,2,197.71
499,534,23,5,3232.92
500,19,30,2,4673.2
501,41,42,4,2585.29
502,917,6,4,4166.25
503,588,13,3,146.16
504,492,32,5,2107.96
505,98,28,5,611.89
506,554,19,5,4962.66
507,226,49,3,4118.41
508,337,4,2,3235.86
509,403,41,3,1992.36
510,739,30,2,1452.11
511,518,42,5,4134.57
512,73,27,4,3458.98
513,82,45,5,2918.85
514,151,20,1,2581.77
515,732,28,5,833.12
516,161,41,1,4242.24
517,417,20,4,4486.4
518,105,45,1,1109.21
519,883,27,5,2760.02
520,960,47,5,2114.87
521,636,20,4,1044.7
522,545,6,3,4177.77
523,956,47,2,3441.16
524,192,23,4,164.71
525,803,28,1,2994.23
526,584,19,2,1429.39
527,187,45,2,3286.74
528,468,12,4,466.32
529,197,1,1,4623.85
530,868,20,3,4036.11
531,136,14,1,3763.56
532,883,28,2,821.56
533,65,32,4,1962.45
534,176,7,3,2204.25
535,270,23,2,3041.24
536,483,22,3,4326.82
537,898,8,3,2960.81
538,695,8,1,1587.6
539,508,22,4,965.19
540,370,1,5,4683.8
541,537,37,2,2021.46
542,737,22,5,2844.44
543,572,19,5,122.26
544,325,12,2,744.6
545,233,35,2,464.28
546,772,50,4,3350.55
547,119,27,1,1951.29
548,967,5,1,887.51
549,159,13,3,4055.7
550,900,39,2,4203.65
551,728,50,2,3895.72
552,500,13,1,1152.13
553,371,38,4,4884.88
554,382,32,4,969.37
555,872,27,1,910.15
556,829,41,2,2711.81
557,990,41,4,381.16
558,682,32,5,3106.21
559,921,40,5,2150.37
560,425,43,1,2348.08
561,771,49,1,4064.19
562,374,26,4,3515.91
563,125,45,4,1847.18
564,751,24,3,743.79
565,782,20,2,361.02
566,329,37,1,2758.42
567,175,50,2,4194.74
568,439,13,5,1616.85
569,575,37,1,638.39
570,950,36,5,1685.0
571,782,40,3,2602.8
572,291,42,2,1115.55
573,191,13,4,2077.09
574,994,31,1,1465.41
575,912,8,1,943.12
576,640,23,3,2302.15
577,857,2,2,2734.22
578,433,46,4,3855.45
579,162,18,3,3032.01
580,97,5,2,4690.05
581,629,12,3,1799.59
582,736,21,1,4756.96
583,735,9,4,3339.71
584,744,39,2,4926.67
585,920,11,1,1106.49
586,725,10,5,359.34
587,202,25,1,3562.01
588,779,3,2,362.29
589,90,49,1,1859.5
590,485,37,2,4572.44
591,946,50,1,150.15
592,407,28,5,2081.77
593,616,5,1,2096.19
594,894,8,3,4904.8
595,389,31,2,1499.68
596,487,6,5,1026.44
597,863,32,3,4693.21
598,553,13,3,1024.62
599,387,19,3,4220.51
600,688,10,4,1110.22
601,152,38,1,3423.69
602,897,11,5,1390.0
603,905,41,1,4200.99
604,604,43,3,487.12
605,371,38,5,2541.2
606,340,3,3,1873.86
607,297,47,4,420.5
608,942,39,5,283.28
609,880,44,2,2331.53
610,844,32,5,1271.99
611,180,1,1,1662.73
612,812,17,3,1104.65
613,252,21,5,940.32
614,991,5,3,4869.14
615,278,28,4,2564.55
616,786,36,1,1576.64
617,83,42,2,4424.27
618,300,23,2,2594.82
619,824,39,2,495.92
620,941,7,3,1354.82
621,655,24,5,1589.87
622,352,42,5,840.57
623,229,1,1,4329.3
624,384,39,4,648.1
625,590,26,1,4655.35
626,924,37,2,737.47
627,627,17,3,602.53
628,794,5,3,4353.55
629,147,31,3,4469.25
630,403,21,4,129.68
631,533,17,5,2644.61
632,171,6,1,246.24
633,248,1,1,227.91
634,433,20,5,4367.71
635,291,31,1,736.6
636,187,45,1,3331.55
637,594,20,1,1680.56
638,621,1,1,1826.15
639,585,33,3,3519.62
640,30,45,2,1661.12
641,573,43,4,4119.51
642,353,37,3,833.7
643,121,32,1,3711.42
644,883,30,2,369.43
645,921,18,5,3723.02
646,132,16,1,3273.67
647,191,34,1,3702.58
648,388,49,5,1421.14
649,11,13,4,2085.31
650,656,8,2,4317.05
651,862,42,3,1528.38
652,752,30,1,4951.75
653,574,24,3,4971.31
654,113,5,5,4488.78
655,669,35,4,500.75
656,689,49,1,3252.57
657,479,4,4,4905.37
658,218,24,3,2321.41
659,952,3,3,4177.91
660,49,5,1,3543.92
661,267,36,2,2991.33
662,950,4,2,3790.19
663,149,26,2,3398.21
664,270,13,2,4918.58
665,94,6,5,986.26
666,359,25,4,4881.94
667,404,40,4,3641.58
668,571,17,1,2231.91
669,37,47,1,2295.83
670,269,6,5,3520.72
671,893,49,1,2889.55
672,147,23,2,3555.44
673,689,32,1,4258.17
674,109,16,2,1546.33
675,34,31,5,2685.67
676,816,10,2,4281.79
677,912,30,5,3553.2
678,306,47,4,4616.76
679,555,26,1,4085.42
680,710,18,2,628.49
681,519,26,5,3347.6
682,105,39,5,850.36
683,126,49,5,2479.85
684,47,8,1,2830.88
685,322,6,3,4880.09
686,140,6,5,4461.33
687,886,23,2,4330.38
688,412,46,4,2360.1
689,990,16,4,3177.11
690,322,11,5,4777.81
691,411,44,1,496.3
692,376,13,5,2790.26
693,74,28,3,1958.24
694,331,48,5,2258.62
695,669,42,4,313.49
696,491,22,5,1146.33
697,180,40,1,4582.89
698,813,27,2,3726.47
699,673,9,2,4683.68
700,452,36,3,3561.27
701,530,19,3,406.24
702,967,33,1,1589.13
703,264,20,5,1928.44
704,603,37,1,2685.58
705,362,33,3,859.15
706,352,2,4,3192.94
707,671,30,5,194.1
708,455,15,2,3850.27
709,278,30,3,2000.31
710,934,12,3,3719.45
711,876,23,4,1742.03
712,878,1,2,2200.95
713,471,32,2,1126.92
714,840,49,2,4742.34
715,511,31,2,3604.95
716,722,31,3,4627.25
717,649,15,2,3676.9
718,14,14,4,3107.3
719,247,15,5,613.04
720,421,24,5,1526.88
721,444,8,1,4336.11
722,555,40,4,2235.71
723,847,17,2,3008.76
724,465,15,3,1361.68
725,93,26,4,1850.36
726,505,20,1,4657.72
727,510,44,1,4703.08
728,754,8,5,4033.49
729,821,6,5,2439.74
730,520,38,1,2162.7
731,255,4,5,1715.4
732,414,1,3,4112.65
733,964,1,3,1504.64
734,774,2,2,4051.67
735,142,31,5,4579.28
736,48,13,4,2856.68
737,289,30,5,3961.46
738,365,28,2,1868.75
739,72,34,2,3657.4
740,672,29,5,4714.8
741,142,20,1,900.57
742,821,4,4,4703.38
743,362,40,3,2939.49
744,637,49,1,1437.66
745,383,6,4,1871.73
746,102,15,2,909.54
747,276,46,4,1050.32
748,63,30,3,1445.71
749,635,3,1,2556.35
750,626,27,2,2360.22
751,189,20,4,3814.39
752,836,48,3,138.49
753,422,3,3,636.14
754,859,23,5,4336.64
755,881,25,1,4259.98
756,598,32,1,1950.15
757,362,35,5,436.34
758,618,23,1,2638.13
759,693,12,4,1870.55
760,716,49,2,462.35
761,324,43,3,1592.13
762,357,49,1,3418.9
763,49,47,3,4704.41
764,431,37,1,4139.42
765,772,46,2,3965.82
766,426,34,4,4492.5
767,888,22,4,1099.99
768,371,19,4,2346.43
769,517,30,2,2897.67
770,765,21,1,4116.77
771,543,20,3,4385.19
772,647,26,5,3274.25
773,985,18,1,4436.14
774,647,18,2,3160.71
775,140,41,4,4468.24
776,391,9,1,2328.22
777,493,42,1,366.46
778,508,9,3,2849.03
779,358,48,4,2253.8
780,681,46,1,1470.53
781,574,25,4,195.25
782,630,4,5,4171.25
783,437,26,2,918.49
784,652,46,3,4500.57
785,812,20,4,3972.25
786,758,20,4,4950.28
787,543,20,4,3348.3
788,558,16,1,4276.04
789,644,29,3,3620.78
790,401,49,5,3186.65
791,785,21,5,3786.87
792,384,41,3,1866.58
793,927,29,3,3570.47
794,868,13,3,4039.05
795,717,46,5,583.62
796,803,21,2,1401.72
797,5,19,5,932.8
798,935,9,4,1719.99
799,351,14,3,2252.36
800,953,49,4,4762.69
801,188,32,4,3006.55
802,256,16,4,2434.89
803,208,8,5,1944.83
804,490,48,5,1237.02
805,267,40,1,2718.72
806,312,9,4,1197.39
807,770,10,1,2638.11
808,571,49,2,3986.68
809,893,21,2,4720.98
810,706,40,3,2580.81
811,546,18,2,1288.81
812,115,12,5,1351.21
813,857,13,3,3180.72
814,949,39,1,4946.52
815,306,42,2,2919.12
816,671,32,3,2371.36
817,274,24,4,4975.21
818,752,47,1,3067.69
819,65,34,5,3506.39
820,11,47,1,3313.03
821,856,37,3,915.38
822,80,40,4,4497.34
823,817,41,3,3523.43
824,921,27,2,2533.37
825,263,11,5,3314.07
826,362,47,4,3625.43
827,984,19,1,861.66
828,180,3,1,3610.14
829,327,2,3,453.4
830,737,24,5,3754.08
831,205,29,1,3093.69
832,66,40,4,3433.71
833,838,48,5,4050.02
834,113,28,2,325.95
835,90,13,4,4511.22
836,974,34,1,3327.08
837,716,2,5,2596.15
838,290,28,3,3685.55
839,156,18,4,679.63
840,295,7,2,4580.8
841,151,8,3,3264.49
842,147,37,1,4808.32
843,787,42,2,4224.97
844,644,15,4,1822.53
845,931,30,4,970.38
846,163,40,2,853.41
847,79,16,5,4975.61
848,450,46,2,3158.77
849,604,13,2,1012.35
850,33,1,4,2334.46
851,954,11,4,1061.21
852,483,23,3,2952.72
853,886,35,4,4171.39
854,902,9,3,4362.55
855,199,42,1,4241.84
856,370,12,5,745.82
857,521,49,4,3338.22
858,474,5,4,413.14
859,134,30,5,4090.17
860,330,25,2,1426.44
861,213,43,2,1447.11
862,148,31,3,2767.81
863,642,48,3,1298.52
864,435,50,1,3162.06
865,787,29,5,1856.04
866,419,32,3,2075.6
867,120,9,3,1009.55
868,1000,20,4,3969.76
869,527,14,2,464.76
870,211,6,3,4027.1
871,8,4,5,4866.43
872,497,31,4,1536.24
873,210,6,5,1158.74
874,810,13,1,3895.06
875,21,42,3,3282.23
876,963,29,2,352.99
877,837,46,4,437.38
878,365,21,5,2904.11
879,525,35,2,1708.48
880,741,38,2,1547.22
881,441,24,2,3347.64
882,550,19,3,932.43
883,344,33,1,2127.32
884,74,10,3,2410.29
885,236,26,4,1917.33
886,536,8,4,922.9
887,787,38,1,1383.3
888,920,44,4,873.58
889,697,45,4,3871.53
890,414,28,5,2780.35
891,382,14,4,2676.08
892,970,48,1,2545.53
893,69,12,1,1338.21
894,733,35,3,4295.12
895,356,49,3,4995.86
896,492,22,3,881.23
897,341,27,3,1311.23
898,724,42,5,1873.9
899,699,16,4,4315.21
900,379,24,1,893.28
901,632,9,4,3769.88
902,2,39,2,3906.13
903,841,6,4,3045.91
904,920,9,2,2379.64
905,716,49,1,4729.81
906,806,44,1,4512.74
907,284,3,4,1066.63
908,322,22,1,2686.71
909,257,5,3,1128.6
910,538,40,1,4178.97
911,536,8,2,2307.04
912,642,1,2,3036.64
913,163,24,2,1798.43
914,793,31,4,4982.93
915,707,27,5,4315.37
916,550,2,2,2255.04
917,233,12,5,1629.96
918,5,10,2,1045.23
919,854,12,5,4897.85
920,205,18,5,3165.85
921,928,12,1,2025.89
922,827,23,3,1076.5
923,440,32,3,2709.03
924,334,29,4,3431.46
925,548,19,5,2134.6
926,413,12,1,1110.03
927,155,4,4,717.97
928,594,26,4,2799.58
929,784,8,1,2642.76
930,344,30,1,1078.85
931,572,17,2,2084.01
932,387,21,5,2662.9
933,193,6,5,4662.07
934,818,19,4,3923.69
935,163,39,4,205.26
936,144,7,2,3958.39
937,666,37,2,1894.18
938,237,35,3,4509.1
939,94,22,3,4434.4
940,472,3,4,3643.16
941,750,39,5,2700.2
942,515,20,3,1701.45
943,626,29,4,4882.36
944,731,45,2,4368.02
945,146,40,1,1310.04
946,634,7,1,2548.82
947,651,44,2,2123.49
948,107,19,3,2315.8
949,453,4,5,2448.04
950,279,36,3,1374.25
951,618,18,1,4564.1
952,12,35,3,3950.9
953,19,30,4,2099.54
954,694,42,5,3628.09
955,421,40,3,3476.7
956,515,38,2,1712.24
957,539,38,5,2487.52
958,300,24,1,3111.93
959,238,22,1,1781.65
960,467,39,1,368.0
961,517,24,4,1846.53
962,161,8,1,4000.54
963,33,48,3,2056.42
964,777,17,5,4141.3
965,960,2,5,3372.66
966,298,14,1,107.54
967,158,25,1,1436.38
968,102,25,5,3162.16
969,263,32,1,3318.74
970,38,37,4,1738.84
971,640,34,3,620.1
972,167,23,4,3280.6
973,78,37,4,2251.95
974,34,37,4,2830.93
975,842,6,4,4994.11
976,354,12,1,1292.53
977,934,50,4,4701.99
978,728,32,4,3800.8
979,303,10,5,2633.62
980,349,39,1,3207.95
981,733,46,2,2720.81
982,443,30,3,2531.86
983,691,32,5,4697.67
984,42,4,2,1175.81
985,918,40,3,4778.98
986,167,20,2,2268.23
987,552,42,4,747.69
988,377,9,1,420.45
989,799,22,4,3847.02
990,757,44,5,4104.34
991,681,22,2,1120.33
992,689,3,4,1757.97
993,526,5,5,4365.16
994,347,19,1,618.86
995,521,31,5,2567.29
996,739,50,3,2120.19
997,294,33,5,2866.34
998,815,3,4,173.17
999,268,3,3,455.39
1000,69,14,1,4720.8
1001,901,33,5,3753.34
1002,162,39,2,2560.63
1003,469,25,3,975.23
1004,231,6,1,2429.54
1005,938,34,2,3098.58
1006,233,43,3,3922.18
1007,552,33,2,4961.2
1008,714,29,3,1058.53
1009,37,10,1,1254.71
1010,261,7,2,1811.8
1011,656,5,3,2336.25
1012,371,49,4,1035.93
1013,138,3,4,1323.69
1014,852,16,4,4277.39
1015,475,26,4,356.47
1016,574,10,4,4814.61
1017,396,42,1,1949.69
1018,856,15,5,2846.4
1019,130,15,1,1780.57
1020,289,49,4,985.96
1021,605,34,4,4155.28
1022,948,32,3,4604.48
1023,711,50,1,4525.36
1024,657,7,5,1838.83
1025,273,29,5,2658.97
1026,615,15,5,504.4
1027,188,45,4,4458.21
1028,799,1,3,3806.76
1029,569,35,5,762.35
1030,582,28,5,627.28
1031,467,5,4,1326.92
1032,652,24,3,4760.95
1033,126,7,5,4741.91
1034,754,47,2,3006.37
1035,793,23,2,3127.2
1036,944,39,3,2562.67
1037,753,50,4,1856.85
1038,609,37,3,2718.76
1039,158,26,3,788.84
1040,681,50,3,463.1
1041,617,45,3,4762.54
1042,277,35,3,1557.62
1043,540,21,2,1655.06
1044,12,31,2,1690.73
1045,410,1,5,1580.64
1046,759,22,4,1236.26
1047,963,2,4,4675.71
1048,847,4,2,2894.65
1049,104,2,5,4873.36
1050,625,44,2,2782.2
1051,407,50,1,4737.09
1052,44,42,3,4549.3
1053,676,33,4,2635.31
1054,413,32,1,1462.16
1055,674,10,2,3985.37
1056,490,16,3,2789.87
1057,985,19,3,1087.92
1058,30,30,5,4195.55
1059,584,47,5,4490.45
1060,815,13,2,699.7
1061,433,1,1,4732.05
1062,861,36,1,1321.35
1063,39,26,2,276.02
1064,126,18,3,2092.93
1065,714,19,5,2508.74
1066,348,5,3,2170.61
1067,123,33,1,4898.25
1068,744,16,5,3624.99
1069,901,49,4,1366.58
1070,63,26,5,2835.63
1071,884,17,2,1093.96
1072,242,4,2,4931.9
1073,825,40,4,581.19
1074,894,19,5,1904.59
1075,249,42,4,607.11
1076,640,42,3,1011.4
1077,717,35,1,1013.32
1078,748,1,3,2054.81
1079,949,20,4,4698.83
1080,274,43,2,4045.65
1081,948,4,1,1820.52
1082,525,38,5,1234.66
1083,114,21,2,3961.58
1084,720,22,4,4952.15
1085,189,34,1,788.43
1086,390,2,1,716.79
1087,311,49,5,4343.73
1088,726,29,5,2712.12
1089,769,4,1,942.36
1090,767,32,3,3726.97
1091,307,32,2,3342.36
1092,103,44,1,4822.19
1093,435,48,4,296.38
1094,990,35,5,1108.18
1095,320,17,2,2940.57
1096,891,46,1,779.83
1097,213,24,4,4504.91
1098,635,13,4,888.62
1099,802,34,3,431.41
1100,571,31,1,2859.4
1101,932,36,3,3334.72
1102,858,22,5,970.89
1103,635,4,1,2616.91
1104,374,46,1,4367.09
1105,368,9,1,3325.24
1106,912,8,2,1622.68
1107,184,50,4,4267.99
1108,110,47,5,2371.2
1109,961,4,5,3917.0
1110,733,37,2,1988.28
1111,299,47,1,1179.02
1112,370,2,3,2452.01
1113,787,37,5,3660.36
1114,545,24,4,116.14
1115,211,7,4,873.49
1116,155,46,1,4535.4
1117,662,41,1,1297.41
1118,748,42,3,1010.18
1119,871,3,5,4534.58
1120,974,9,3,4319.99
1121,138,8,3,180.04
1122,88,20,3,3071.12
1123,344,9,4,124.55
1124,409,47,2,3868.91
1125,125,18,2,1638.34
1126,729,32,1,1468.97
1127,123,29,1,2893.58
1128,540,30,2,4664.6
1129,85,11,4,1012.81
1130,484,47,4,730.5
1131,721,40,2,3603.46
1132,23,46,1,4323.94
1133,462,39,4,1760.82
1134,566,6,5,1457.22
1135,345,29,1,2833.71
1136,54,14,4,4006.96
1137,528,8,3,2017.39
1138,84,49,3,472.0
1139,211,23,1,3371.62
1140,790,4,4,3566.91
1141,770,24,2,277.86
1142,492,37,2,1208.52
1143,22,17,1,2507.75
1144,197,19,3,4600.58
1145,751,16,1,252.32
1146,5,34,3,396.74
1147,863,10,2,3544.49
1148,298,16,5,365.88
1149,567,19,4,2097.72
1150,91,14,2,4832.55
1151,214,19,2,1661.43
1152,337,5,1,3381.63
1153,780,23,5,530.86
1154,921,2,3,2818.53
1155,537,35,5,1484.84
1156,225,41,5,580.79
1157,312,47,2,2765.14
1158,811,40,4,2081.59
1159,963,41,5,3270.72
1160,115,28,5,422.44
1161,448,43,4,314.21
1162,666,28,3,3358.09
1163,723,2,3,2992.21
1164,179,7,1,3812.16
1165,624,25,5,331.72
1166,753,48,5,2502.43
1167,780,13,3,2821.47
1168,95,48,2,288.2
1169,700,45,1,3424.52
1170,431,39,3,1924.89
1171,88,47,1,2401.92
1172,292,19,1,3096.36
1173,419,46,4,2928.32
1174,21,28,3,299.45
1175,471,25,3,1680.2
1176,352,21,4,1001.66
1177,634,14,1,2929.2
1178,496,45,2,3664.03
1179,730,48,4,2276.91
1180,517,11,2,2652.29
1181,408,36,2,2304.32
1182,65,5,5,2448.93
1183,464,33,1,1409.83
1184,1,22,3,2822.24
1185,716,24,4,323.57
1186,770,5,2,3368.33
1187,375,22,1,632.19
1188,551,41,4,495.92
1189,461,32,4,1457.02
1190,725,31,3,983.11
1191,915,30,3,4327.67
1192,619,19,4,1900.16
1193,678,18,5,1040.57
1194,499,15,5,1622.98
1195,891,39,3,583.64
1196,907,15,4,2368.33
1197,147,23,1,443.71
1198,461,22,2,1337.25
1199,866,43,2,4065.18
1200,323,43,4,514.65
1201,539,41,5,2066.94
1202,852,36,3,4820.68
1203,556,27,1,837.68
1204,391,13,2,4945.92
1205,933,38,3,4473.23
1206,379,48,2,4649.36
1207,861,45,2,1619.15
1208,71,18,1,1567.26
1209,253,2,2,4649.38
1210,253,31,1,4139.87
1211,407,15,1,384.54
1212,686,27,5,1961.61
1213,650,18,4,1927.14
1214,464,9,5,214.1
1215,981,45,1,2929.58
1216,779,47,4,2348.92
1217,977,10,2,2027.21
1218,55,47,4,3984.19
1219,270,26,2,1796.75
1220,568,39,4,723.99
1221,498,12,2,412.19
1222,364,8,3,1915.27
1223,810,22,1,847.37
1224,704,43,2,4191.42
1225,194,11,1,3941.91
1226,863,34,3,4094.75
1227,65,38,4,752.17
1228,823,9,5,4914.24
1229,739,6,2,4097.7
1230,641,34,3,4397.08
1231,956,17,5,1248.08
1232,576,35,4,1470.82
1233,555,3,3,4750.57
1234,559,50,4,2380.65
1235,464,2,1,1385.82
1236,654,27,4,4947.15
1237,666,4,2,3869.91
1238,754,25,3,147.85
1239,247,21,1,1189.53
1240,747,11,3,3360.95
1241,476,37,3,4723.8
1242,925,1,4,2969.84
1243,449,9,4,2018.79
1244,846,2,4,1508.3
1245,38,17,1,407.08
1246,756,34,3,4123.65
1247,99,14,4,3711.74
1248,76,41,2,280.64
1249,497,12,2,1542.91
1250,257,22,1,2267.15
1251,950,27,1,2805.2
1252,607,7,5,1420.71
1253,633,42,4,4458.45
1254,61,30,1,2961.05
1255,123,5,1,4246.95
1256,702,24,3,3063.9
1257,611,49,1,4934.87
1258,417,49,1,1202.46
1259,807,8,3,2357.6
1260,123,47,3,2825.6
1261,846,3,2,2799.6
1262,406,19,3,3514.82
1263,323,41,5,1765.97
1264,722,46,5,2606.85
1265,103,50,4,3387.74
1266,456,9,5,3038.21
1267,800,22,2,3798.14
1268,988,38,3,150.61
1269,881,15,3,3994.51
1270,48,45,3,717.39
1271,663,8,2,3081.74
1272,376,8,2,3897.12
1273,350,33,3,1689.46
1274,987,5,1,2461.51
1275,734,44,5,3284.12
1276,859,4,2,589.77
1277,267,41,2,530.65
1278,144,25,2,4609.49
1279,545,30,4,3890.75
1280,569,21,3,4463.92
1281,267,20,1,678.51
1282,602,27,3,2500.79
1283,609,33,3,3916.75
1284,376,21,3,1800.33
1285,249,27,4,1886.13
1286,782,36,3,346.81
1287,505,32,2,4305.64
1288,220,38,4,2321.17
1289,472,21,4,3823.19
1290,848,2,3,4367.98
1291,769,2,2,4981.35
1292,350,36,3,2981.53
1293,341,21,4,1315.82
1294,651,27,4,3103.28
1295,451,37,4,1912.33
1296,462,44,5,1612.85
1297,942,13,5,2387.14
1298,93,25,2,1713.45
1299,217,8,5,1087.25
1300,81,35,5,3544.71
1301,470,29,4,3078.09
1302,924,20,5,3607.06
1303,908,6,4,4610.17
1304,569,26,3,4141.44
1305,265,50,4,2923.23
1306,200,32,2,2471.09
1307,99,1,2,729.13
1308,261,38,4,3996.52
1309,219,32,2,3623.26
1310,594,24,2,3041.78
1311,425,17,3,3328.76
1312,557,37,4,2666.81
1313,37,30,2,4594.29
1314,994,42,1,4152.44
1315,561,4,1,1717.37
1316,308,49,4,4615.61
1317,452,47,4,1787.18
1318,17,16,1,3632.07
1319,139,50,4,169.03
1320,383,43,3,4722.85
1321,677,24,3,3248.06
1322,454,35,2,4267.6
1323,282,33,2,1479.23
1324,460,39,4,2724.81
1325,268,34,5,1886.63
1326,690,35,3,2182.98
1327,168,2,4,2783.75
1328,478,39,2,3540.5
1329,547,19,4,1224.65
1330,465,15,2,3241.35
1331,904,5,3,3113.31
1332,431,41,5,1475.12
1333,804,10,5,231.57
1334,336,4,3,2396.48
1335,661,10,5,3813.43
1336,626,1,4,398.25
1337,764,30,1,3771.5
1338,785,34,3,3368.89
1339,444,14,4,1977.54
1340,512,30,1,3603.53
1341,293,15,1,430.03
1342,669,41,5,3521.21
1343,395,2,2,2615.2
1344,326,50,4,1102.5
1345,841,48,4,916.0
1346,295,38,1,3183.42
1347,488,17,4,294.9
1348,709,43,1,1139.71
1349,334,46,1,2250.84
1350,955,21,5,2427.75
1351,830,12,2,4433.34
1352,166,32,5,457.52
1353,297,16,2,3271.66
1354,442,38,4,1239.91
1355,506,42,3,2244.04
1356,443,30,5,4899.86
1357,183,17,3,441.0
1358,992,43,1,3761.26
1359,716,47,3,4018.61
1360,508,6,4,1521.02
1361,19,15,1,2428.21
1362,598,2,1,1595.5
1363,208,43,2,207.42
1364,488,1,2,140.88
1365,894,16,3,944.58
1366,841,10,5,4590.02
1367,148,9,3,1168.57
1368,12,16,5,667.02
1369,684,41,5,220.21
1370,72,43,5,2487.73
1371,954,28,3,1208.42
1372,329,49,4,227.74
1373,250,17,2,1110.96
1374,793,50,2,4927.94
1375,303,25,1,2664.16
1376,380,25,5,626.37
1377,356,18,4,153.22
1378,990,36,3,4508.16
1379,792,17,2,3471.7
1380,884,39,3,865.06
1381,663,29,2,4400.9
1382,699,17,4,139.75
1383,198,43,2,1231.66
1384,310,47,4,2614.2
1385,819,46,1,2988.72
1386,669,20,1,961.61
1387,21,26,3,789.31
1388,986,16,3,3974.5
1389,768,1,3,3835.14
1390,529,50,1,3452.82
1391,449,1,1,2398.41
1392,90,33,1,4543.08
1393,152,35,5,4324.96
1394,7,34,4,4658.28
1395,687,18,3,4801.69
1396,576,47,4,965.49
1397,183,18,1,3874.06
1398,108,28,4,3983.61
1399,462,46,4,4445.13
1400,922,40,1,3497.13
1401,497,26,2,1058.54
1402,144,43,1,4817.64
1403,4,48,3,4537.5
1404,525,11,3,3141.11
1405,859,17,5,2985.73
1406,643,50,3,396.38
1407,96,48,1,3919.91
1408,297,32,4,2422.88
1409,385,40,5,2683.17
1410,795,25,1,1597.78
1411,492,21,5,1164.84
1412,709,50,5,4798.07
1413,844,3,1,2985.2
1414,195,41,3,3863.03
1415,107,45,5,1519.23
1416,165,6,5,3422.15
1417,594,50,4,4538.56
1418,21,10,4,579.8
1419,305,3,5,881.66
1420,719,19,2,2982.47
1421,319,10,1,1682.08
1422,275,13,4,1409.17
1423,941,10,3,3776.9
1424,310,20,1,1515.8
1425,606,31,4,1005.55
1426,299,25,1,2986.49
1427,21,46,3,1236.46
1428,76,9,5,4648.37
1429,152,27,1,1847.21
1430,554,11,1,1577.91
1431,662,8,5,4567.87
1432,646,14,2,4923.97
1433,12,24,2,1602.51
1434,176,2,5,2304.24
1435,606,30,1,4995.08
1436,615,37,2,3655.25
1437,766,12,4,2092.31
1438,560,44,2,2258.19
1439,218,8,3,1140.65
1440,735,48,1,233.33
1441,975,47,3,1127.7
1442,21,2,4,747.75
1443,576,50,1,1428.48
1444,640,22,5,534.54
1445,9,33,1,4890.15
1446,721,48,3,596.71
1447,453,27,5,4962.93
1448,267,46,3,4609.94
1449,811,31,4,276.81
1450,321,45,5,4347.3
1451,768,21,3,868.36
1452,570,32,4,1447.33
1453,913,9,5,4103.24
1454,33,34,1,4768.16
1455,705,44,3,4291.15
1456,957,42,3,2872.47
1457,632,39,3,2443.75
1458,590,8,1,3937.81
1459,424,28,2,772.34
1460,499,16,2,1006.48
1461,693,35,2,692.76
1462,561,44,3,1454.96
1463,433,3,4,1378.62
1464,783,23,3,765.2
1465,16,23,2,4411.35
1466,514,3,5,2154.08
1467,878,6,1,638.67
1468,205,5,1,1924.15
1469,691,9,3,1192.43
1470,845,10,5,2948.54
1471,336,39,5,2861.17
1472,156,46,4,4337.79
1473,427,46,1,3532.05
1474,300,31,1,1078.98
1475,167,33,5,1658.65
1476,857,45,2,1995.68
1477,10,33,3,2478.35
1478,168,49,1,4581.98
1479,270,2,1,4162.98
1480,151,46,4,2922.8
1481,681,36,1,460.49
1482,615,40,3,4024.29
1483,176,32,5,3327.42
1484,388,31,3,2322.77
1485,297,4,5,2198.66
1486,172,39,4,2639.7
1487,895,27,1,2945.29
1488,58,16,1,4819.85
1489,778,36,5,4425.72
1490,453,5,1,4368.97
1491,824,20,1,4563.2
1492,305,31,1,3629.0
1493,268,17,5,1104.1
1494,175,16,3,1157.51
1495,107,47,4,3343.69
1496,577,25,4,2688.29
1497,856,41,4,2366.53
1498,816,22,4,4321.27
1499,238,16,4,3622.77
1500,813,9,3,2277.0
1501,618,12,3,2415.89
1502,279,19,1,4275.03
1503,689,5,3,3400.05
1504,17,1,5,1564.96
1505,924,33,4,4939.58
1506,595,21,1,4836.6
1507,905,27,5,4876.04
1508,626,20,1,2038.0
1509,537,28,4,1708.05
1510,787,48,1,177.26
1511,841,27,2,482.49
1512,14,34,1,3575.85
1513,702,9,2,1715.7
1514,731,26,1,2212.23
1515,793,8,1,2124.24
1516,94,17,5,638.85
1517,5,30,5,3316.69
1518,207,20,2,4851.67
1519,241,35,2,4580.44
1520,74,2,3,1345.13
1521,816,16,4,2502.54
1522,190,12,2,4197.53
1523,213,13,4,3296.48
1524,25,46,5,3960.02
1525,885,25,4,2065.99
1526,607,26,4,2319.24
1527,462,35,2,718.89
1528,974,21,1,3671.01
1529,739,46,3,3511.91
1530,252,20,4,2628.99
1531,124,18,1,1842.12
1532,10,31,4,2294.36
1533,298,32,2,3517.84
1534,859,44,4,1409.66
1535,442,43,3,4575.65
1536,67,37,3,190.58
1537,790,42,4,1243.75
1538,376,50,5,1056.74
1539,220,3,3,2025.61
1540,87,43,5,3067.16
1541,804,30,2,1991.26
1542,397,13,3,3630.92
1543,463,22,4,159.84
1544,1,43,5,1943.76
1545,196,14,5,2817.71
1546,588,4,5,498.54
1547,587,48,5,2356.53
1548,472,10,4,2884.84
1549,506,17,5,124.91
1550,735,25,4,790.26
1551,52,29,2,504.31
1552,296,43,3,4524.18
1553,896,6,1,3213.52
1554,334,12,5,3705.52
1555,836,39,3,129.78
1556,967,6,5,3105.32
1557,884,39,4,4011.18
1558,246,33,4,4050.42
1559,718,21,4,454.11
1560,436,14,1,4286.01
1561,627,40,2,2953.48
1562,902,24,5,4451.75
1563,113,2,5,857.61
1564,829,8,2,4915.17
1565,353,44,4,586.54
1566,367,35,5,2301.38
1567,212,8,2,987.07
1568,502,26,1,427.2
1569,844,17,5,2789.15
1570,401,15,3,2803.53
1571,607,27,2,4770.83
1572,822,49,2,2610.48
1573,101,50,4,760.27
1574,461,46,3,3630.64
1575,691,34,2,3267.11
1576,503,30,5,1469.03
1577,673,6,1,4032.76
1578,121,36,3,1047.75
1579,28,20,2,1335.53
1580,509,36,1,1273.63
1581,907,4,2,2662.53
1582,785,11,4,3608.62
1583,327,6,4,2370.84
1584,288,26,4,1888.24
1585,71,38,4,901.19
1586,573,30,4,3425.09
1587,381,23,3,335.93
1588,497,37,4,660.63
1589,367,1,1,3141.73
1590,436,13,4,1096.26
1591,165,48,4,3451.89
1592,384,41,3,4789.14
1593,717,41,5,361.62
1594,711,42,5,1891.5
1595,520,6,2,3055.22
1596,472,10,3,4422.93
1597,809,41,2,4227.25
1598,526,48,2,3034.38
1599,809,38,4,2251.76
1600,585,18,5,2888.11
1601,293,29,5,1088.33
1602,316,28,5,362.09
1603,7,50,5,4237.15
1604,659,32,1,2817.79
1605,667,27,3,4768.91
1606,989,30,2,1198.54
1607,570,5,3,734.67
1608,826,8,3,4903.63
1609,935,42,3,2859.56
1610,251,43,1,1465.23
1611,153,50,3,2703.47
1612,151,26,1,792.95
1613,829,14,5,1540.98
1614,970,45,4,1313.46
1615,582,42,2,2966.2
1616,181,9,3,1619.84
1617,739,8,5,1464.17
1618,728,48,2,594.02
1619,557,47,1,1358.33
1620,979,9,1,2645.8
1621,538,28,4,4470.45
1622,817,12,2,3814.14
1623,628,42,1,702.56
1624,775,3,4,4170.38
1625,137,37,2,3213.07
1626,719,31,5,2641.97
1627,281,31,2,2300.5
1628,950,3,4,2115.6
1629,475,38,2,4703.24
1630,174,3,5,3326.09
1631,263,16,2,714.4
1632,675,18,4,2741.0
1633,425,18,1,4921.34
1634,930,10,2,2728.91
1635,447,27,3,4055.82
1636,131,27,4,2228.63
1637,208,22,4,4239.1
1638,68,43,5,4210.58
1639,263,33,5,1270.42
1640,885,36,4,4416.65
1641,133,2,5,3728.77
1642,712,13,4,1467.04
1643,268,28,5,3808.88
1644,622,44,2,3650.71
1645,442,20,3,1196.43
1646,979,47,3,1106.42
1647,935,38,2,2178.75
1648,409,32,2,389.01
1649,843,25,1,1841.72
1650,389,42,2,837.11
1651,758,15,3,2293.97
1652,702,46,5,1587.25
1653,983,37,3,3223.93
1654,502,13,2,4316.46
1655,900,15,3,3154.7
1656,604,18,1,2866.88
1657,917,31,5,3557.55
1658,479,32,5,739.44
1659,466,10,2,1336.36
1660,419,37,5,4798.73
1661,291,39,4,284.34
1662,197,43,4,4894.71
1663,36,36,4,2400.9
1664,447,7,2,488.22
1665,669,7,1,1710.4
1666,828,36,4,889.38
1667,755,30,5,276.86
1668,751,50,2,3334.99
1669,49,31,3,3609.74
1670,272,31,3,1097.59
1671,358,15,4,3652.79
1672,343,4,5,899.84
1673,355,10,3,1442.84
1674,525,7,3,1385.57
1675,648,5,5,2064.09
1676,443,43,4,2099.27
1677,794,3,1,4674.96
1678,108,19,4,2969.18
1679,24,13,2,2570.96
1680,555,23,3,929.02
1681,354,21,4,168.63
1682,686,11,1,4961.95
1683,661,38,5,3672.61
1684,355,45,4,2811.14
1685,388,36,2,1391.26
1686,703,15,3,3277.35
1687,442,13,1,1069.98
1688,436,44,2,2321.76
1689,523,47,5,1534.87
1690,269,37,2,1514.8
1691,125,22,5,2667.92
1692,222,17,5,2362.18
1693,825,19,2,667.98
1694,137,14,5,3970.02
1695,43,36,5,4897.45
1696,624,13,1,1067.15
1697,745,36,1,2232.65
1698,663,45,3,3673.26
1699,541,41,3,3799.93
1700,86,20,4,2017.72
1701,889,32,3,833.9
1702,439,23,3,120.54
1703,242,41,4,3851.35
1704,383,2,2,4121.45
1705,671,9,3,995.51
1706,123,18,1,4592.13
1707,337,32,1,4314.04
1708,318,8,4,649.65
1709,352,25,2,3278.27
1710,927,25,3,3501.31
1711,879,8,5,368.55
1712,721,28,4,4658.47
1713,656,35,2,1402.95
1714,353,35,1,2918.71
1715,914,24,3,4504.59
1716,27,38,1,4138.57
1717,87,15,2,102.69
1718,370,19,4,2561.84
1719,360,39,3,3224.52
1720,313,48,4,3698.98
1721,920,35,2,4981.81
1722,671,22,2,186.58
1723,848,50,2,4120.41
1724,13,27,4,2397.49
1725,802,20,4,1408.35
1726,587,13,2,451.8
1727,430,34,5,1725.26
1728,590,7,3,4801.47
1729,403,30,2,1831.31
1730,862,7,4,2010.25
1731,704,2,5,4732.76
1732,467,37,5,4957.75
1733,489,19,5,945.58
1734,730,42,4,3667.23
1735,132,4,2,3487.26
1736,516,35,2,3545.92
1737,394,7,5,4928.65
1738,528,36,2,2043.49
1739,371,8,1,4357.79
1740,42,12,4,2544.35
1741,181,20,3,2800.25
1742,623,22,4,4862.15
1743,761,11,3,4937.49
1744,180,25,2,988.25
1745,217,30,3,673.6
1746,396,11,1,4980.29
1747,463,33,5,3829.21
1748,311,42,3,394.54
1749,168,45,3,4568.93
1750,224,17,4,2214.66
1751,39,36,5,1728.46
1752,182,41,1,306.71
1753,839,3,5,1773.21
1754,98,49,4,3377.0
1755,18,31,2,100.16
1756,1,44,5,3195.07
1757,779,18,1,2465.95
1758,621,33,2,1250.03
1759,564,14,4,3571.11
1760,301,39,4,3904.45
1761,486,40,1,3666.89
1762,476,7,1,394.91
1763,333,20,1,2668.5
1764,619,15,4,3162.88
1765,470,7,1,4248.91
1766,453,4,5,4060.47
1767,268,31,3,3575.72
1768,178,30,4,1226.44
1769,698,39,1,3626.93
1770,393,18,4,1267.89
1771,410,9,4,4019.47
1772,11,46,4,1867.5
1773,882,49,4,4867.72
1774,206,14,5,4071.04
1775,911,24,3,2204.07
1776,964,13,2,1016.91
1777,393,1,3,3801.23
1778,595,45,2,4950.25
1779,944,5,3,975.78
1780,74,49,1,980.63
1781,300,3,1,3705.69
1782,427,23,3,4285.65
1783,639,47,2,3757.84
1784,820,49,4,3958.33
1785,57,47,3,2854.86
1786,582,2,4,4543.63
1787,61,7,5,3870.46
1788,621,39,3,3230.74
1789,12,8,5,2910.78
1790,835,23,3,2725.87
1791,219,23,3,3179.01
1792,475,42,3,3470.62
1793,291,6,4,820.34
1794,42,35,5,720.29
1795,390,38,5,3591.9
1796,408,7,5,658.38
1797,798,10,3,2211.11
1798,413,14,5,3215.59
1799,295,28,3,4182.95
1800,266,11,5,1043.87
1801,851,13,5,2252.78
1802,815,2,5,1523.71
1803,121,40,1,537.74
1804,292,50,4,2694.36
1805,996,7,4,1660.88
1806,543,50,4,4319.24
1807,102,15,4,3869.93
1808,695,20,2,4900.32
1809,722,12,3,1015.47
1810,417,35,2,640.06
1811,786,5,2,3659.29
1812,263,9,4,187.85
1813,967,8,3,3265.41
1814,507,10,2,1950.74
1815,595,45,4,4862.1
1816,256,6,5,3730.61
1817,503,38,5,831.92
1818,617,36,4,3847.99
1819,42,7,5,792.71
1820,871,19,1,3381.25
1821,74,18,2,4210.48
1822,546,47,5,3861.48
1823,120,15,4,2191.43
1824,650,12,5,496.29
1825,328,22,3,4790.01
1826,983,11,4,761.44
1827,939,40,3,1315.95
1828,55,49,2,3001.72
1829,375,27,1,2851.07
1830,733,3,1,479.63
1831,105,39,5,4145.03
1832,604,47,3,1346.61
1833,716,40,1,1179.39
1834,166,19,2,4348.12
1835,927,44,3,4788.92
1836,811,24,2,4341.57
1837,523,5,5,155.33
1838,121,37,2,2787.57
1839,584,43,5,1826.06
1840,304,10,3,3130.66
1841,26,49,2,4132.78
1842,747,18,3,2735.58
1843,47,36,4,4328.45
1844,995,25,3,970.83
1845,509,7,4,4146.47
1846,434,26,4,408.57
1847,817,38,4,1648.71
1848,432,27,4,2988.86
1849,547,15,1,2324.45
1850,509,8,3,2231.08
1851,152,16,5,3271.35
1852,468,18,1,4005.78
1853,282,16,1,2643.86
1854,183,50,5,3572.58
1855,828,28,2,4367.22
1856,779,6,5,4728.56
1857,51,17,3,2075.79
1858,942,46,1,1040.96
1859,294,1,5,2526.31
1860,270,4,5,2016.13
1861,836,32,4,2310.73
1862,605,34,2,1266.58
1863,8,47,1,4626.46
1864,280,29,4,4764.87
1865,198,12,2,2723.67
1866,872,7,5,895.65
1867,728,29,5,3535.72
1868,449,26,5,4064.14
1869,889,31,2,3941.17
1870,153,38,3,2013.83
1871,662,46,3,694.42
1872,164,46,5,2230.02
1873,482,22,3,2502.08
1874,300,29,1,2557.5
1875,11,19,5,3528.91
1876,620,40,2,4010.06
1877,777,18,2,4917.58
1878,677,39,3,1734.47
1879,824,10,2,4897.49
1880,256,33,4,153.32
1881,865,14,4,4846.46
1882,746,4,1,3402.44
1883,634,41,2,3820.47
1884,768,1,4,3870.57
1885,221,22,4,4265.61
1886,991,38,1,2126.48
1887,308,18,2,1468.48
1888,854,20,1,3241.2
1889,694,35,5,468.99
1890,488,43,2,356.53
1891,974,39,1,398.16
1892,918,22,3,1121.25
1893,84,15,4,1432.63
1894,293,39,3,4930.3
1895,664,50,3,4835.72
1896,664,42,4,3718.26
1897,781,31,3,4797.54
1898,410,28,1,3366.97
1899,423,27,1,4965.88
1900,401,2,2,3891.76
1901,27,20,2,2094.87
1902,849,46,1,3655.52
1903,855,50,2,569.92
1904,387,22,5,4308.21
1905,663,46,2,1918.37
1906,269,28,4,2413.23
1907,993,19,1,4453.91
1908,890,32,3,1407.35
1909,941,20,5,4247.62
1910,379,21,2,4846.86
1911,330,48,3,4441.17
1912,971,7,3,2321.33
1913,392,29,3,4403.07
1914,849,6,5,379.32
1915,129,24,1,4522.37
1916,228,40,2,1101.18
1917,262,27,4,2669.73
1918,258,7,1,3172.12
1919,681,2,4,4758.42
1920,353,19,1,3584.53
1921,706,50,3,1207.83
1922,428,42,2,4682.61
1923,752,21,2,4090.17
1924,122,49,1,4443.86
1925,734,35,2,2653.93
1926,390,15,5,3695.55
1927,497,19,5,3516.87
1928,784,34,5,1829.03
1929,944,27,1,1882.78
1930,220,18,2,1448.97
1931,385,50,2,4206.05
1932,579,7,5,1629.59
1933,67,9,5,4365.76
1934,433,7,5,1186.49
1935,351,28,4,860.29
1936,800,14,3,2565.04
1937,13,23,3,252.2
1938,846,36,4,3644.79
1939,406,1,3,2359.67
1940,92,26,5,4213.02
1941,547,2,5,1639.99
1942,701,45,1,178.83
1943,236,14,2,4182.38
1944,747,19,5,3514.81
1945,521,50,2,2277.81
1946,543,38,3,438.55
1947,834,12,2,2304.4
1948,46,38,5,848.44
1949,802,7,3,1222.26
1950,489,43,5,2585.93
1951,656,19,5,923.94
1952,37,5,4,496.44
1953,851,6,5,714.64
1954,676,37,4,1284.58
1955,552,17,5,120.64
1956,871,1,1,2366.91
1957,237,19,3,936.61
1958,943,39,5,4432.39
1959,421,32,4,631.9
1960,252,50,1,2675.37
1961,180,19,5,181.36
1962,751,5,5,1275.7
1963,685,10,4,4521.81
1964,490,24,2,4083.71
1965,799,20,2,4569.86
1966,853,25,5,1670.66
1967,183,11,3,4188.63
1968,829,44,5,176.13
1969,123,9,3,4037.65
1970,218,16,5,3945.88
1971,987,15,5,203.32
1972,668,19,4,4327.21
1973,930,50,3,2829.66
1974,241,30,2,3168.28
1975,854,10,5,4081.64
1976,612,2,5,466.35
1977,958,4,2,3430.32
1978,107,48,5,2688.46
1979,295,29,4,1651.76
1980,607,8,4,2327.25
1981,768,45,1,4870.66
1982,171,32,4,4732.64
1983,148,30,3,4470.97
1984,905,6,4,3159.62
1985,961,14,2,796.6
1986,748,43,5,3553.45
1987,628,33,4,2503.29
1988,190,29,5,687.04
1989,58,18,4,2269.47
1990,70,22,3,3481.92
1991,221,49,1,3548.68
1992,653,34,4,2869.69
1993,799,43,4,3086.82
1994,634,46,5,3718.85
1995,454,41,3,656.05
1996,745,24,2,3351.98
1997,49,20,2,2467.62
1998,68,23,2,1267.83
1999,104,39,4,3139.73
2000,801,9,4,520.5
2001,973,2,2,1923.48
2002,366,8,2,1916.33
2003,905,18,3,622.98
2004,293,8,5,4753.67
2005,55,11,4,868.3
2006,973,40,1,2269.38
2007,395,2,5,471.34
2008,844,12,5,2432.49
2009,644,26,4,1476.42
2010,728,42,5,4251.89
2011,932,25,2,2134.1
2012,228,22,1,1252.72
2013,23,38,2,2494.32
2014,776,16,4,2346.55
2015,851,28,4,2635.25
2016,970,48,4,2496.91
2017,523,31,4,719.54
2018,548,12,2,1503.49
2019,748,41,2,4168.89
2020,107,48,1,1167.85
2021,419,28,4,2147.4
2022,933,28,4,4246.24
2023,768,19,5,3425.59
2024,723,13,5,1163.43
2025,445,43,1,1157.91
2026,440,34,3,486.22
2027,45,45,4,4022.88
2028,476,27,5,4656.46
2029,761,3,5,4659.56
2030,297,7,1,2948.51
2031,348,19,2,337.16
2032,94,27,2,425.55
2033,135,23,2,3726.78
2034,37,33,3,615.84
2035,355,42,3,4841.75
2036,116,49,5,3966.06
2037,948,36,5,4954.92
2038,489,11,4,3077.17
2039,769,15,5,573.61
2040,242,32,5,551.75
2041,220,3,2,4022.88
2042,724,26,2,1719.72
2043,879,48,2,4768.15
2044,709,27,4,313.4
2045,417,30,2,422.82
2046,456,15,3,3931.62
2047,144,20,2,3618.95
2048,210,30,3,3018.75
2049,839,2,5,881.5
2050,834,50,3,3106.14
2051,900,43,2,716.76
2052,199,33,4,2799.72
2053,960,43,4,991.9
2054,971,1,3,1303.77
2055,272,1,5,4933.27
2056,572,28,5,2423.4
2057,498,39,3,2461.15
2058,365,21,5,4199.03
2059,753,10,3,2967.58
2060,83,11,3,3216.68
2061,974,30,2,451.63
2062,423,43,4,4641.28
2063,146,29,3,3125.48
2064,880,35,5,883.98
2065,644,2,4,2322.59
2066,380,16,5,2778.02
2067,708,48,2,574.91
2068,246,27,2,2868.38
2069,226,4,1,1862.12
2070,719,35,4,485.81
2071,704,21,2,3979.27
2072,386,28,5,2070.96
2073,48,40,4,3519.18
2074,231,45,1,947.51
2075,924,37,1,4916.42
2076,50,25,2,3731.63
2077,781,23,2,4154.99
2078,124,5,2,2019.35
2079,921,45,1,4073.48
2080,348,46,5,3884.57
2081,490,40,5,4493.57
2082,480,46,1,1553.92
2083,237,26,3,2445.11
2084,867,15,3,2368.0
2085,519,1,4,1068.95
2086,113,14,5,1447.45
2087,204,34,1,2915.02
2088,640,45,1,3881.99
2089,898,22,2,2303.88
2090,724,48,1,4076.83
2091,866,24,3,3595.36
2092,945,12,5,2673.31
2093,288,33,4,3264.53
2094,911,48,5,3814.64
2095,543,30,4,1058.91
2096,518,10,4,3569.47
2097,665,26,4,2619.18
2098,929,19,2,3040.29
2099,79,27,2,4019.43
2100,375,39,4,2701.67
2101,809,8,5,2527.81
2102,751,50,1,4616.42
2103,606,41,5,4616.84
2104,313,23,3,623.61
2105,817,3,1,940.37
2106,875,46,1,2190.4
2107,906,18,5,2479.08
2108,274,39,4,263.69
2109,322,14,3,1020.61
2110,900,26,4,1871.9
2111,809,34,4,2870.97
2112,450,43,5,1158.0
2113,374,50,3,2375.5
2114,656,27,1,4517.25
2115,972,42,2,1102.35
2116,126,1,3,2473.87
2117,919,9,1,4283.08
2118,444,48,4,3384.04
2119,77,2,5,1148.67
2120,390,2,2,340.72
2121,798,33,3,3717.42
2122,450,40,2,2381.66
2123,619,41,5,1411.6
2124,822,31,4,1832.17
2125,307,1,1,3415.52
2126,168,14,3,3519.01
2127,582,45,3,935.43
2128,922,8,5,3013.84
2129,20,25,2,3641.65
2130,697,39,3,2360.83
2131,758,49,1,863.3
2132,604,9,2,322.1
2133,574,19,4,2551.32
2134,761,2,1,4804.66
2135,428,22,2,4952.84
2136,574,2,3,1532.64
2137,381,10,4,3507.48
2138,391,33,4,4348.34
2139,45,25,3,3287.0
2140,481,35,1,1370.3
2141,290,34,5,926.29
2142,332,37,5,3732.29
2143,600,12,2,1905.25
2144,145,45,4,4654.22
2145,764,4,3,4649.55
2146,782,42,1,2038.86
2147,231,33,4,4381.51
2148,137,7,2,416.91
2149,218,8,1,2869.36
2150,649,35,3,1797.81
2151,740,25,5,2980.61
2152,687,43,3,2873.18
2153,877,45,2,3342.52
2154,530,42,5,2403.47
2155,234,8,1,3068.38
2156,766,14,4,935.88
2157,168,13,2,1001.16
2158,630,48,3,134.68
2159,564,2,5,1527.2
2160,270,8,5,2363.87
2161,344,13,5,3635.67
2162,400,40,4,4225.62
2163,427,33,1,3208.7
2164,819,22,2,1430.94
2165,127,34,4,4103.01
2166,369,5,5,2583.5
2167,313,29,1,422.78
2168,681,16,1,1386.22
2169,130,8,3,3749.05
2170,60,1,1,343.69
2171,154,11,2,1886.96
2172,113,1,5,4850.42
2173,165,45,3,2170.69
2174,12,26,4,357.39
2175,489,46,4,930.85
2176,420,35,2,4373.31
2177,803,32,2,4188.21
2178,439,21,1,4917.27
2179,266,22,4,1431.27
2180,781,34,5,1629.82
2181,54,8,4,3155.28
2182,409,37,1,775.94
2183,959,4,3,3196.7
2184,884,18,4,2758.14
2185,264,23,4,4652.88
2186,362,43,1,3825.67
2187,410,11,1,1743.43
2188,150,14,2,3940.58
2189,244,11,1,2098.66
2190,836,47,2,2947.71
2191,568,42,3,3019.71
2192,602,8,2,2527.79
2193,753,38,5,3546.71
2194,448,9,1,2264.88
2195,262,43,3,1097.46
2196,404,32,4,372.02
2197,734,36,4,4148.69
2198,359,41,1,1499.08
2199,178,47,1,1236.65
2200,468,20,4,215.8
2201,517,32,5,3128.29
2202,794,6,2,2235.15
2203,326,41,1,3941.66
2204,256,47,3,3228.26
2205,504,44,4,4349.66
2206,695,39,5,171.76
2207,249,31,1,3174.89
2208,408,43,3,2751.77
2209,196,23,2,2636.26
2210,849,44,5,2964.25
2211,729,22,2,3215.69
2212,218,6,5,789.16
2213,762,33,1,2102.35
2214,996,44,4,3886.7
2215,954,18,5,2538.04
2216,908,20,1,3907.56
2217,603,13,5,1363.97
2218,992,37,5,1441.72
2219,872,27,5,3143.87
2220,742,34,4,1121.21
2221,119,17,1,4114.69
2222,904,49,4,800.37
2223,355,43,3,1476.16
2224,390,49,3,2237.73
2225,6,50,2,4299.09
2226,439,12,1,343.03
2227,521,16,5,1931.17
2228,778,3,1,1682.52
2229,218,8,2,1743.66
2230,99,24,3,553.8
2231,208,21,2,4762.82
2232,562,25,4,2036.17
2233,905,44,1,2785.27
2234,599,29,4,1434.99
2235,674,40,2,2038.03
2236,593,36,2,3243.48
2237,507,12,3,890.35
2238,790,14,3,3822.25
2239,315,28,3,406.65
2240,655,1,4,4632.23
2241,413,32,1,2024.57
2242,891,33,2,3818.35
2243,350,4,2,2733.43
2244,642,10,3,1092.5
2245,630,30,5,460.43
2246,236,13,3,3276.31
2247,227,20,4,1665.74
2248,589,40,1,2187.81
2249,280,28,2,3771.62
2250,543,36,4,453.12
2251,892,36,1,4283.14
2252,945,10,5,576.55
2253,385,44,1,2509.04
2254,96,29,1,776.82
2255,836,27,2,1163.85
2256,612,46,3,1789.3
2257,35,41,4,532.39
2258,144,33,1,4806.47
2259,456,3,3,4253.05
2260,886,16,3,957.19
2261,69,46,2,4408.48
2262,771,35,2,2073.11
2263,460,23,2,4194.29
2264,487,32,3,3719.99
2265,651,40,4,1427.61
2266,932,47,3,570.98
2267,475,38,5,131.4
2268,770,37,1,643.81
2269,707,24,3,2038.91
2270,451,42,2,3007.41
2271,520,29,3,3167.22
2272,209,43,4,3004.91
2273,831,31,3,1894.82
2274,455,1,4,2223.39
2275,156,11,2,352.88
2276,756,36,2,933.76
2277,436,48,5,2795.54
2278,415,22,3,3809.54
2279,947,17,3,932.3
2280,682,32,5,880.98
2281,882,3,5,2301.44
2282,749,46,2,3171.52
2283,489,30,5,1510.48
2284,729,12,1,4851.39
2285,643,3,5,661.81
2286,715,38,2,4285.42
2287,41,25,3,2443.62
2288,642,12,3,3340.97
2289,135,49,2,4622.05
2290,491,39,3,4132.23
2291,1000,23,5,3820.2
2292,636,19,2,1426.83
2293,274,2,1,2916.67
2294,891,1,2,2622.74
2295,319,20,3,1972.25
2296,568,14,4,393.82
2297,887,9,5,636.5
2298,44,13,5,3190.41
2299,886,38,1,3818.92
2300,968,20,4,4404.8
2301,346,50,2,820.12
2302,726,12,4,3428.11
2303,92,12,3,2331.91
2304,584,6,5,1223.63
2305,230,20,4,670.34
2306,197,23,2,924.66
2307,116,29,1,4988.9
2308,911,22,3,3726.24
2309,949,44,5,736.89
2310,517,2,1,3915.99
2311,682,10,5,4083.82
2312,593,46,3,231.8
2313,435,23,3,1367.5
2314,466,18,5,2763.24
2315,281,18,3,4071.79
2316,363,9,1,4496.69
2317,516,12,2,2175.04
2318,149,21,5,1657.85
2319,931,19,5,3612.22
2320,151,18,1,323.31
2321,519,13,4,768.26
2322,397,34,3,2382.54
2323,988,49,2,358.12
2324,750,49,3,2091.94
2325,182,49,2,2329.1
2326,59,6,3,4684.29
2327,221,30,2,2627.04
2328,348,43,1,3749.14
2329,889,44,3,146.62
2330,140,14,1,2531.25
2331,372,40,4,4233.4
2332,566,49,2,3931.86
2333,971,39,4,4398.94
2334,840,31,4,3226.52
2335,252,1,2,4072.28
2336,636,49,3,729.15
2337,981,39,2,4856.18
2338,415,40,3,4458.13
2339,492,33,4,1823.24
2340,444,22,2,1600.33
2341,569,17,1,4057.28
2342,145,13,3,349.81
2343,657,2,5,997.64
2344,172,28,5,3501.17
2345,298,28,1,4379.77
2346,24,26,1,128.06
2347,72,29,4,3149.39
2348,716,41,3,4159.07
2349,17,6,3,1020.74
2350,25,45,2,4652.28
2351,712,14,1,1704.39
2352,873,3,5,4707.32
2353,198,20,1,1197.87
2354,297,38,1,1777.62
2355,813,31,4,3197.33
2356,823,32,2,2705.28
2357,76,6,5,3348.03
2358,46,32,2,2863.93
2359,120,27,1,1128.22
2360,56,5,4,3947.03
2361,670,30,2,2568.33
2362,922,26,2,4482.93
2363,81,31,1,2763.48
2364,458,30,5,1089.14
2365,136,38,4,2358.93
2366,116,10,3,4696.6
2367,394,18,5,1805.82
2368,293,6,2,3902.69
2369,803,18,2,2718.42
2370,260,1,5,718.4
2371,717,29,2,1750.86
2372,715,21,1,4979.89
2373,370,16,4,484.79
2374,527,37,5,1142.32
2375,686,29,2,1962.3
2376,880,3,2,4613.21
2377,880,37,2,2966.18
2378,235,23,1,2859.32
2379,609,30,4,929.25
2380,122,16,5,4702.26
2381,193,9,1,144.2
2382,845,25,5,3311.65
2383,372,7,4,762.35
2384,147,7,2,2276.48
2385,879,38,1,2316.79
2386,21,6,5,4091.65
2387,770,42,3,108.46
2388,616,14,2,3999.5
2389,598,39,4,2713.78
2390,623,25,2,4326.28
2391,148,46,5,1497.39
2392,957,14,1,1375.74
2393,862,12,2,1383.15
2394,221,12,4,4768.84
2395,85,18,3,1603.0
2396,519,3,4,4105.26
2397,506,9,3,1174.04
2398,693,44,5,3327.38
2399,703,39,1,2181.5
2400,220,33,2,495.25
2401,695,12,3,3809.84
2402,875,12,4,3363.3
2403,780,44,5,3336.87
2404,777,46,3,1353.49
2405,639,12,1,4459.21
2406,531,14,3,1394.29
2407,581,32,3,3647.53
2408,231,42,2,999.09
2409,802,28,4,4941.54
2410,463,1,3,787.77
2411,637,48,3,2428.19
2412,494,31,1,4340.19
2413,477,7,4,3914.85
2414,271,21,2,3817.06
2415,719,48,2,1214.85
2416,448,2,3,1628.74
2417,926,9,5,223.44
2418,403,40,3,1924.89
2419,195,34,3,3544.27
2420,510,21,2,4300.31
2421,395,28,2,4715.77
2422,211,46,3,3528.85
2423,232,48,4,447.35
2424,829,11,5,2218.22
2425,499,5,4,2166.53
2426,992,30,5,4778.09
2427,596,44,4,3563.05
2428,716,19,4,1622.03
2429,438,7,3,282.35
2430,510,8,2,3028.48
2431,628,7,3,2149.94
2432,708,18,4,4040.95
2433,92,12,3,4982.44
2434,43,18,1,2573.58
2435,685,38,4,3235.25
2436,474,14,2,3597.28
2437,532,22,2,755.53
2438,615,42,2,2621.83
2439,998,15,3,3799.93
2440,897,26,5,3688.11
2441,590,40,5,3012.59
2442,956,47,5,1522.7
2443,340,6,5,2192.63
2444,869,25,2,4225.52
2445,620,17,5,3658.64
2446,89,32,3,3107.48
2447,306,24,3,4605.98
2448,609,14,1,2697.36
2449,160,23,3,3923.26
2450,683,4,1,1448.91
2451,608,9,2,750.47
2452,573,45,5,3016.01
2453,458,8,3,2694.94
2454,698,35,5,1730.61
2455,294,8,1,255.78
2456,460,1,1,2897.22
2457,165,34,3,4689.95
2458,917,16,1,315.46
2459,634,19,4,4435.34
2460,213,9,4,100.56
2461,273,24,5,4781.11
2462,250,8,4,3608.37
2463,530,5,2,686.05
2464,313,12,2,2612.8
2465,727,19,1,4683.93
2466,698,38,4,4761.8
2467,809,20,2,4312.78
2468,345,12,3,701.84
2469,462,35,2,2975.41
2470,381,24,3,2256.6
2471,671,27,3,2921.09
2472,164,28,2,971.7
2473,112,31,3,1574.9
2474,658,1,2,314.63
2475,74,21,2,1600.86
2476,29,27,5,2324.96
2477,466,15,2,2642.95
2478,804,10,5,2218.2
2479,767,4,4,1771.78
2480,61,38,1,3145.58
2481,392,18,2,4665.17
2482,318,5,3,2314.73
2483,879,36,1,3152.85
2484,553,9,3,474.55
2485,697,27,4,4510.08
2486,48,4,5,4735.09
2487,301,47,4,1356.87
2488,193,49,1,3626.03
2489,729,7,3,3125.47
2490,273,41,4,2528.61
2491,197,10,4,163.92
2492,45,23,3,396.33
2493,650,12,4,1501.0
2494,968,1,4,981.86
2495,760,7,5,2109.44
2496,548,48,4,3307.55
2497,69,22,2,306.91
2498,264,39,1,770.4
2499,803,17,5,2790.5
2500,800,21,5,4905.64
2501,822,29,3,2984.59
2502,170,27,4,3983.75
2503,836,21,3,2180.17
2504,263,46,4,4373.68
2505,502,49,1,3295.44
2506,397,25,5,4718.98
2507,736,22,5,2014.88
2508,850,44,4,2813.02
2509,53,36,2,3025.96
2510,451,26,1,2067.69
2511,913,37,4,201.79
2512,969,20,3,3381.89
2513,754,22,3,1484.12
2514,632,31,3,4996.85
2515,157,5,2,4524.05
2516,793,4,4,648.4
2517,99,8,1,2042.7
2518,269,22,4,1035.79
2519,964,50,4,4145.42
2520,976,30,4,4429.81
2521,25,20,5,4556.46
2522,538,4,1,1974.89
2523,908,32,3,3993.9
2524,458,18,5,3407.58
2525,166,9,3,387.23
2526,890,45,1,1259.3
2527,529,28,1,2588.7
2528,791,21,4,1407.41
2529,188,46,4,3336.31
2530,235,18,4,3206.91
2531,578,24,3,3152.44
2532,983,35,5,3340.83
2533,568,14,5,3207.11
2534,694,47,2,3147.76
2535,186,34,5,829.1
2536,732,29,1,176.19
2537,612,2,5,784.17
2538,991,11,5,3594.47
2539,679,27,3,3806.38
2540,547,36,3,2215.31
2541,442,10,4,1880.36
2542,154,2,3,1864.07
2543,949,6,4,690.19
2544,985,27,5,202.67
2545,679,23,2,481.36
2546,725,5,5,860.22
2547,732,13,2,508.9
2548,439,27,4,719.23
2549,297,27,2,1653.86
2550,177,41,4,2874.7
2551,833,50,5,1522.18
2552,263,4,2,2757.74
2553,131,26,1,1900.81
2554,423,21,1,3937.16
2555,740,26,1,2595.16
2556,811,23,5,1429.22
2557,259,14,5,1295.45
2558,806,45,4,3966.58
2559,124,19,4,4852.84
2560,501,26,4,4858.43
2561,682,45,3,1067.1
2562,282,21,3,1053.74
2563,35,29,5,1144.78
2564,979,22,4,602.0
2565,626,35,1,3921.04
2566,945,22,5,4396.92
2567,257,40,2,3255.78
2568,442,46,3,3910.03
2569,731,21,1,4176.29
2570,214,23,3,3912.04
2571,512,32,1,4025.29
2572,959,31,5,3915.84
2573,782,30,2,3884.19
2574,10,50,1,2839.19
2575,367,22,2,667.28
2576,322,12,1,418.73
2577,469,4,4,4120.6
2578,794,20,5,409.26
2579,71,48,3,1817.14
2580,602,20,1,1266.84
2581,836,19,4,3968.66
2582,408,40,3,3108.67
2583,65,12,3,1129.75
2584,135,47,3,3049.22
2585,917,12,1,2948.17
2586,178,14,5,438.83
2587,322,26,4,2675.31
2588,32,19,2,2360.83
2589,504,45,3,4369.16
2590,259,38,2,105.86
2591,669,30,3,1165.17
2592,930,16,3,2162.24
2593,634,19,1,4918.33
2594,868,24,1,1416.19
2595,331,42,4,3244.35
2596,171,37,1,324.66
2597,673,44,1,2682.45
2598,144,45,1,4036.1
2599,117,3,4,343.2
2600,373,20,1,4745.03
2601,841,7,2,2258.11
2602,452,28,2,1363.06
2603,918,39,1,4404.26
2604,119,9,1,2309.21
2605,932,47,1,1018.37
2606,195,13,4,1112.67
2607,264,17,3,4672.94
2608,6,9,2,3055.3
2609,543,5,2,744.28
2610,11,45,2,4792.5
2611,652,6,2,1564.18
2612,432,7,1,2785.68
2613,743,50,3,4727.91
2614,73,47,5,317.77
2615,121,27,5,3462.73
2616,939,37,2,863.65
2617,483,17,2,1546.47
2618,254,50,3,2217.41
2619,82,35,3,3468.96
2620,780,28,3,1808.86
2621,136,1,4,687.76
2622,173,30,1,2031.29
2623,57,5,1,1860.41
2624,153,36,5,3971.81
2625,504,48,1,4522.94
2626,87,19,1,4377.4
2627,461,36,1,787.22
2628,5,20,1,3003.84
2629,574,2,4,1181.65
2630,362,11,2,2787.36
2631,247,17,5,1436.13
2632,26,29,1,2947.0
2633,926,17,1,2272.37
2634,758,12,1,4761.5
2635,251,25,5,3151.89
2636,747,5,4,4055.33
2637,384,34,1,934.69
2638,639,2,2,857.11
2639,884,13,4,507.64
2640,266,9,2,181.94
2641,958,9,2,999.36
2642,770,46,1,860.81
2643,549,28,4,4335.22
2644,786,24,2,4375.25
2645,780,17,4,308.31
2646,64,19,2,3850.51
2647,859,30,2,457.64
2648,478,17,5,3256.05
2649,462,47,1,4002.97
2650,485,8,1,2072.43
2651,895,39,5,2918.42
2652,117,38,4,3896.19
2653,193,48,1,4651.56
2654,160,6,1,3623.35
2655,771,38,5,4121.01
2656,388,46,3,3981.72
2657,366,23,3,2160.98
2658,604,34,1,1225.84
2659,81,46,4,413.94
2660,633,39,1,2388.65
2661,524,23,5,652.23
2662,831,18,2,3403.66
2663,915,27,1,1402.85
2664,26,33,5,3992.31
2665,915,49,2,4936.37
2666,472,30,4,4852.47
2667,467,35,1,3707.66
2668,90,25,3,905.22
2669,366,46,5,582.16
2670,164,29,2,2475.53
2671,907,8,5,4868.51
2672,290,43,3,3808.41
2673,791,41,2,3739.17
2674,780,45,4,559.13
2675,225,17,1,2370.5
2676,695,37,1,4780.37
2677,449,41,3,2270.77
2678,100,40,5,745.1
2679,864,36,4,2180.88
2680,511,18,5,1910.15
2681,947,11,3,4978.42
2682,490,10,5,1931.62
2683,863,31,4,228.39
2684,384,19,5,727.65
2685,465,22,5,633.95
2686,909,22,5,4586.88
2687,972,37,2,3093.02
2688,761,27,5,2235.77
2689,550,4,1,4119.19
2690,621,19,5,2503.77
2691,676,37,5,165.38
2692,874,10,5,3918.52
2693,859,10,3,341.12
2694,982,23,2,2424.2
2695,950,2,5,189.41
2696,277,7,1,3728.54
2697,164,24,2,358.78
2698,687,35,5,877.2
2699,294,45,4,776.83
2700,413,12,4,1641.08
2701,209,22,3,4877.08
2702,681,35,5,1360.48
2703,276,5,2,3086.23
2704,641,7,2,2988.17
2705,793,47,2,1154.33
2706,369,10,5,2976.27
2707,897,25,2,2131.76
2708,567,12,1,648.36
2709,790,31,2,2650.91
2710,423,49,4,242.87
2711,690,32,5,4171.06
2712,972,2,2,2318.2
2713,840,16,1,2063.43
2714,436,8,3,3964.62
2715,733,13,1,1678.98
2716,238,36,2,3088.53
2717,398,43,1,2407.84
2718,944,32,2,304.08
2719,673,11,3,1844.96
2720,669,35,5,882.41
2721,585,45,1,4272.91
2722,246,40,4,3535.45
2723,353,2,3,2927.96
2724,367,6,1,1680.53
2725,822,18,2,4141.65
2726,823,2,3,4335.87
2727,997,13,1,2395.38
2728,774,16,4,1399.91
2729,310,49,2,2887.18
2730,926,25,1,2937.26
2731,118,18,4,4855.7
2732,732,25,5,1429.66
2733,721,28,2,2524.62
2734,888,39,4,4789.13
2735,463,1,3,4094.93
2736,36,15,3,3940.52
2737,701,4,3,3459.48
2738,351,10,2,2684.57
2739,682,23,3,3372.24
2740,252,9,2,2867.19
2741,208,14,4,3228.1
2742,500,46,3,4159.77
2743,876,19,1,1280.18
2744,706,5,1,2357.49
2745,631,43,1,2927.7
2746,899,3,4,976.17
2747,376,33,2,616.22
2748,896,37,3,2184.61
2749,739,23,5,4685.79
2750,332,4,5,317.01
2751,740,22,2,4052.56
2752,513,40,5,2131.58
2753,563,37,1,4598.75
2754,360,39,1,787.44
2755,591,49,4,1352.43
2756,672,47,2,2904.23
2757,852,7,1,3516.61
2758,851,2,3,4655.89
2759,666,18,4,2595.65
2760,182,47,5,3964.71
2761,245,10,5,481.74
2762,70,13,2,2907.28
2763,966,21,1,2695.11
2764,817,39,5,3504.23
2765,126,6,4,4444.44
2766,981,7,5,3937.92
2767,987,9,1,2161.05
2768,314,17,4,4871.52
2769,558,33,1,2961.39
2770,981,49,2,3796.94
2771,9,3,2,990.31
2772,967,33,3,3153.69
2773,395,42,4,3047.17
2774,635,32,5,192.68
2775,932,29,2,651.86
2776,979,12,5,3297.9
2777,106,25,3,1466.31
2778,132,34,5,3615.05
2779,727,20,2,1475.57
2780,915,6,5,3335.32
2781,143,50,1,1374.19
2782,753,19,2,1690.21
2783,209,36,1,3977.84
2784,335,13,5,4402.71
2785,586,6,5,895.49
2786,747,30,1,619.31
2787,534,40,2,3616.1
2788,10,41,1,3801.25
2789,147,42,4,2470.98
2790,327,2,1,2018.26
2791,353,26,4,2627.07
2792,933,32,5,865.98
2793,120,18,1,4345.7
2794,947,11,3,2358.22
2795,449,21,2,1676.42
2796,193,26,2,4675.51
2797,331,2,3,2104.81
2798,741,37,3,3630.73
2799,191,20,5,3877.97
2800,907,3,2,2303.96
2801,487,28,5,4027.12
2802,300,15,5,676.28
2803,261,18,5,2742.42
2804,499,42,4,2767.62
2805,671,29,5,2863.78
2806,617,18,3,2172.23
2807,852,30,3,174.34
2808,761,46,2,4292.24
2809,13,39,5,4518.37
2810,143,36,3,3672.0
2811,900,48,4,2119.4
2812,112,33,1,3850.95
2813,304,43,2,551.71
2814,482,8,2,3598.58
2815,894,49,1,1313.71
2816,602,39,4,1659.03
2817,563,19,5,252.1
2818,273,21,1,2581.1
2819,864,18,1,1972.85
2820,476,28,2,2677.1
2821,249,48,1,1795.19
2822,730,16,3,3679.76
2823,309,31,1,3005.8
2824,979,45,1,3977.27
2825,491,39,2,367.5
2826,586,45,1,818.84
2827,686,37,2,4556.51
2828,531,4,4,4076.58
2829,817,17,2,2355.18
2830,551,48,1,2521.59
2831,253,48,5,4354.92
2832,684,49,2,991.65
2833,26,44,2,125.4
2834,706,48,2,4023.03
2835,252,35,5,1637.49
2836,90,12,4,2405.06
2837,67,19,2,3657.15
2838,379,23,4,4570.83
2839,368,12,5,2325.39
2840,360,19,1,154.77
2841,244,27,2,1735.62
2842,552,46,2,1398.62
2843,438,33,1,3211.25
2844,188,48,2,765.49
2845,116,2,3,3666.0
2846,123,44,5,3009.71
2847,573,36,2,2211.1
2848,318,13,3,3722.64
2849,620,11,2,4815.67
2850,243,40,3,4206.42
2851,330,43,2,3720.95
2852,77,50,4,3276.5
2853,533,18,1,3233.08
2854,985,12,3,4229.88
2855,497,41,3,298.6
2856,640,31,3,1335.39
2857,490,32,5,608.7
2858,787,26,3,1326.28
2859,693,41,3,2875.21
2860,176,30,5,3906.42
2861,384,18,4,592.72
2862,301,22,5,4898.95
2863,310,31,3,2396.76
2864,831,28,2,2498.42
2865,77,13,2,1581.04
2866,43,18,5,2557.95
2867,243,35,1,1160.28
2868,528,45,5,2258.77
2869,803,43,4,4959.35
2870,143,41,2,121.15
2871,717,37,4,1855.61
2872,5,1,1,2568.97
2873,593,28,3,610.45
2874,149,5,3,114.87
2875,269,33,3,3027.12
2876,972,26,5,4077.26
2877,95,26,3,3642.66
2878,808,37,3,3172.02
2879,247,22,2,1692.68
2880,620,12,1,1243.79
2881,803,18,5,305.41
2882,416,37,2,2971.02
2883,722,45,4,3536.79
2884,711,7,4,1435.9
2885,497,1,5,1524.8
2886,716,46,2,1436.84
2887,859,34,3,4633.33
2888,39,18,5,3719.48
2889,702,44,2,3702.3
2890,998,46,2,555.71
2891,917,30,2,3252.89
2892,551,16,5,549.31
2893,398,2,4,4139.88
2894,758,48,2,363.86
2895,440,37,4,1467.2
2896,962,4,2,764.67
2897,694,12,2,2560.33
2898,766,40,2,3686.12
2899,368,4,4,4393.5
2900,360,25,1,2369.5
2901,451,15,1,3355.53
2902,387,42,2,2213.55
2903,464,18,4,3610.61
2904,597,9,2,3844.28
2905,613,49,4,2629.51
2906,4,48,2,4503.0
2907,866,35,1,2017.14
2908,776,26,1,384.22
2909,554,26,1,2947.8
2910,1000,23,4,4096.45
2911,695,17,4,1054.95
2912,468,17,4,3445.38
2913,48,18,3,4567.47
2914,891,41,5,3437.99
2915,411,46,3,4093.72
2916,298,47,2,916.91
2917,302,40,1,4979.97
2918,925,13,2,1317.13
2919,699,33,1,4201.51
2920,347,40,1,368.65
2921,101,17,1,3617.61
2922,788,19,2,2780.17
2923,495,11,2,1175.35
2924,610,28,1,1922.73
2925,404,39,3,3674.56
2926,335,28,1,575.49
2927,877,45,3,3062.94
2928,535,9,3,3860.17
2929,370,10,1,3219.74
2930,950,2,2,3347.33
2931,676,18,2,4371.25
2932,568,30,2,4709.58
2933,317,48,3,1692.71
2934,745,12,5,4961.84
2935,99,23,2,3651.65
2936,352,19,4,2570.78
2937,503,38,3,2093.65
2938,564,8,3,2910.03
2939,90,1,5,2509.37
2940,272,20,2,451.9
2941,7,15,4,3257.13
2942,560,35,4,2648.26
2943,619,46,3,2809.62
2944,790,19,4,3773.4
2945,213,17,3,145.17
2946,184,26,1,4176.14
2947,17,8,2,4911.89
2948,969,34,5,2837.91
2949,314,46,3,2314.34
2950,850,25,3,2282.27
2951,913,32,1,1111.79
2952,580,19,1,1054.14
2953,711,21,5,2970.53
2954,832,4,3,1441.57
2955,913,17,5,4268.43
2956,61,13,3,2738.15
2957,97,9,1,647.24
2958,933,23,5,1887.4
2959,960,34,2,3789.75
2960,739,31,3,2482.67
2961,342,48,2,4949.95
2962,418,22,5,1588.87
2963,584,19,1,1982.3
2964,468,9,4,201.34
2965,929,17,2,4797.39
2966,525,16,3,586.81
2967,408,46,5,4166.52
2968,956,1,1,2455.08
2969,586,11,3,488.39
2970,982,44,3,1498.4
2971,707,9,2,686.27
2972,99,17,3,3451.41
2973,115,37,5,3036.72
2974,650,20,1,4809.83
2975,907,13,4,1695.99
2976,117,25,3,2799.66
2977,142,37,2,3658.93
2978,756,5,1,2996.79
2979,982,7,2,3167.93
2980,318,32,4,4175.77
2981,126,13,3,1767.04
2982,921,32,1,2829.39
2983,690,44,1,605.55
2984,123,24,3,4720.86
2985,327,14,1,1291.25
2986,225,50,2,1563.36
2987,485,28,3,3476.21
2988,901,15,2,4039.16
2989,796,43,2,2788.06
2990,635,11,1,4674.3
2991,285,7,2,825.75
2992,752,13,1,3519.13
2993,154,3,2,4497.2
2994,372,48,1,2991.08
2995,991,49,5,2222.24
2996,258,13,3,598.65
2997,379,38,2,3531.97
2998,701,12,3,4716.26
2999,959,12,3,4036.29
3000,261,34,4,3473.73
